tar,username,location,text,tweet_date,hashtags_extracted,text_cleaned
-1,ABNewswire,,What is the risk of side effects of the COVID-19 vaccine if someone has Lyme disease? https://t.co/hvdYPTsln0 #FamilyParenting #HealthMedicine #Living #PharmaceuticalsBiotech #US,2022-04-11 23:21:26+00:00,"familyparenting,healthmedicine,living,pharmaceuticalsbiotech,us",What is the risk of side effects of the COVID-19 vaccine if someone has Lyme disease?
0,IARS360,,"COVID-19 Resource Newsletter - Issue 127, April 11 - https://t.co/ECcErpHOfV See a study from Israel that compares outcomes for 623,355 Pfizer vaccine recipients who received a 4th shot with 628,966 persons also eligible for the 4th shot. #COVID19 https://t.co/IqQRXIkeeG",2022-04-11 23:19:14+00:00,covid19,"COVID-19 Resource Newsletter - Issue , April - See a study from Israel that compares outcomes for Pfizer vaccine recipients who received a th shot with persons also eligible for the th shot."
1,Uncle Louie,"New York, USA",So why are only double vax‚Äôd and Double boosted Democrats coming down with Covidü§¶üèª‚Äç‚ôÇÔ∏è #covid #CovidIsNotOver  #COVID19  #democrats #BoosterDose  #vaccinated #vaccine #VaccinesWork  #obama #pelosi #psaki #hillary #VaccineSideEffects https://t.co/ovUwD2jKgJ,2022-04-11 23:15:31+00:00,"covid,covidisnotover,covid19,democrats,boosterdose,vaccinated,vaccine,vaccineswork,obama,pelosi,psaki,hillary,vaccinesideeffects",So why are only double vaxd and Double boosted Democrats coming down with Covid
-1,Elisha #NoVaccineMandates #NoVaccinePassportsüíâ,"Carlsbad, CA","‚Äú‚Ä¶the vast majority have realized that every Covid policy - from the lockdowns and masks to the tests, death coding, and vaccine passes - has been one, giant fraud‚Äù
#COVID19 #CovidRestrictions #CovidVaccine #CovidIsOver https://t.co/Wj0O7kaueg https://t.co/nyF9h6zhv6",2022-04-11 23:07:02+00:00,"covid19,covidrestrictions,covidvaccine,covidisover","the vast majority have realized that every Covid policy - from the lockdowns and masks to the tests, death coding, and vaccine passes - has been one, giant fraud"
0,AngelsWakingUp,,Kyle's vaccine complication https://t.co/kVYSxOmO4K via @YouTube #news #Covid_19 #Omicron #COVID19 #Athletics #athetes #HealthLiteracy #Doctors #nurses #HealthcareUnfiltered,2022-04-11 22:52:25+00:00,"news,covid_19,omicron,covid19,athletics,athetes,healthliteracy,doctors,nurses,healthcareunfiltered",Kyle's vaccine complication via
0,Prof. Dr. Sanjeev Bagai,"New Delhi, India","Compared with COVID19 vac,myopericarditis‚¨ÜÔ∏èpost smallpox vac (132¬∑1) but was not diff after influenza vac (1¬∑3) or various other non-smallpox vac (57¬∑0);received COVID-19 vac,myopericarditis‚¨ÜÔ∏èin male,younger than 30yr,mRNA vac,after second vaccine (vs first or third dose).",2022-04-11 22:49:31+00:00,,"Compared with COVID19 vac,myopericarditispost smallpox vac (1321) but was not diff after influenza vac (13) or various other non-smallpox vac (570)received COVID-19 vac,myopericarditisin male,younger than yr,mRNA vac,after second vaccine (vs first or third dose)."
0,Colorado Department of Public Health & Environment,Colorado,"Here is the latest coronavirus in Colorado update for April 11.
 
üìäCOVID-19 data dashboard: https://t.co/LRM3AmL3XB
‚û°Ô∏èCOVID-19 vaccine dashboard: https://t.co/V5pozaM8Wg

#Covid19Colorado https://t.co/M7QSmAb7tM",2022-04-11 22:38:59+00:00,covid19colorado,Here is the latest coronavirus in Colorado update for April . COVID-19 data dashboard vaccine dashboard
1,WomensPowerCen,,#COVID19Vaccination #COVID19 We arn‚Äôt fully safe with #coronavirus #vaccine as #virus changes itself. World needs ways get rid of #lockdown Normally #sold in #Amazon https://t.co/rzyWrMlQr3 we R giving it #FREE https://t.co/mUOK62YavV #COVID19India,2022-04-11 22:35:04+00:00,"covid19vaccination,covid19,coronavirus,vaccine,virus,lockdown,sold,amazon,free,covid19india",We arnt fully safe with as changes itself. World needs ways get rid of Normally in we R giving it
1,Erie County Department of Health üò∑,"Erie County (#Buffalo), NY","Just like dams for floods and firebreaks for wildfires can slow the spread of a disaster, vaccines can slow the spread of sickness and disease like COVID-19.
Make an informed decision. Be part of the solution. Get a #COVID19 vaccine.

https://t.co/6eim4YA1vR https://t.co/yb1vOzzegM",2022-04-11 22:34:00+00:00,covid19,"Just like dams for floods and firebreaks for wildfires can slow the spread of a disaster, vaccines can slow the spread of sickness and disease like COVID-19.Make an informed decision. Be part of the solution. Get a vaccine."
1,Vox,,"A second Covid-19 booster shot has been approved for some people, in part to provide protection in the event of another Covid-19 surge, perhaps from the omicron BA.2 subvariant.

Here is who can get one ‚Äî and when. Learn more: https://t.co/m7rjHLQaEl https://t.co/SvGh0gS3oy",2022-04-11 22:21:32+00:00,,"A second Covid-19 booster shot has been approved for some people, in part to provide protection in the event of another Covid-19 surge, perhaps from the omicron BA.2 subvariant.Here is who can get one and when. Learn more"
0,LLERO_CULTURE,"New York, NY",Come on Texas!  Let's read and follow the science!  Your lives depend on it. #COVID19 #vaccine #COVIDpandemic #Texas # https://t.co/RggI5EounB,2022-04-11 22:01:01+00:00,"covid19,vaccine,covidpandemic,texas",Come on Texas! Let's read and follow the science! Your lives depend on it.
-1,Wicked Prepping,,"Mandatory Vaccinations...
           or Just Coercive Manipulation?

üò±Green Zones Coming to a Town Near You!

---&gt; https://t.co/GQxOqL2aSg 

#Vaccine #Vaccinations #WEF #NWO #COVID19 #COVID #coronavirus #prepper #prepping",2022-04-11 21:50:02+00:00,"vaccine,vaccinations,wef,nwo,covid19,covid,coronavirus,prepper,prepping",Mandatory Vaccinations... or Just Coercive Manipulation?Green Zones Coming to a Town Near You!---gt
0,Ethan Burress,,"As of April 6, 2022, 22.8 million children and adolescents ages 5‚Äì18 years have received their primary series of a #COVID19 vaccine and are considered fully vaccinated. There is still much work to do! Find out where to get vaccinated #MASC336: https://t.co/YokK2CP65t https://t.co/t9cXXy4WKs",2022-04-11 21:47:00+00:00,"covid19,masc336","As of April , , million children and adolescents ages years have received their primary series of a vaccine and are considered fully vaccinated. There is still much work to do! Find out where to get vaccinated "
0,MyDogIsSmarterThanYourRepublican,"Chicago, IL","@jeanthorpe Getting my 2nd booster tomorrow.  First 3 shots were Pfizer, so I'm getting a Moderna for the 4th.

https://t.co/hDcgtT5F7X.",2022-04-11 21:37:08+00:00,,"Getting my nd booster tomorrow. First shots were Pfizer, so I'm getting a Moderna for the th.."
0,WxKenYYC,"Calgary, Aberta","Calgary Alberta #ABstorm YYC YBW
2022 April 11, 3:05pm
Alberta Childrens Hospital Sky/28
@AHS_media COVID-19 Immunization Booking https://t.co/rqouNsQAOK https://t.co/gxzeqvlJxs",2022-04-11 21:06:27+00:00,abstorm,"Calgary Alberta YYC YBW2022 April , 05pmAlberta Childrens Hospital Sky28 COVID-19 Immunization Booking"
1,Epoch Times Opinion,New York City,"Opinionüí≠by @MartinKulldorff 

Over a year after the approvals of #COVID19 vaccines, we should have more information about them. This is a serious problem.

This has also led to less trust in @CDCgov and the @US_FDA, as well as other #Vaccines in general. https://t.co/ZrYzD6ZTcM",2022-04-11 21:05:01+00:00,"covid19,vaccines","Opinionby Over a year after the approvals of vaccines, we should have more information about them. This is a serious problem.This has also led to less trust in and the , as well as other in general."
0,Equal Hope,"Chicago, IL","The #COVID19 vaccines work!

https://t.co/qlKegyI7P4

#GetTheVax",2022-04-11 21:00:47+00:00,"covid19,getthevax",The vaccines work!
1,NYC Health + Hospitals/Bellevue,NYC,"A third #COVID19 vaccine dose is available and no cost for eligible New Yorkers at any NYC Health + Hospitals location! Walk-ins are welcome. Find answers to frequently asked questions about the third dose, and learn more about eligibility: https://t.co/8zUfFsd41J https://t.co/4266rPJ51y",2022-04-11 21:00:30+00:00,covid19,"A third vaccine dose is available and no cost for eligible New Yorkers at any NYC Health + Hospitals location! Walk-ins are welcome. Find answers to frequently asked questions about the third dose, and learn more about eligibility"
1,Tendrilita,,"Should I get a booster (fam too)? 

We were late vaccinators, so we became eligible recently. Not sure what to do. Data to share? Thank you!

#vaccine #COVID19 #Covid_19 #vaccinated #booster",2022-04-11 20:53:56+00:00,"vaccine,covid19,covid_19,vaccinated,booster","Should I get a booster (fam too)? We were late vaccinators, so we became eligible recently. Not sure what to do. Data to share? Thank you!"
1,African American Youth Harvest Foundation,"Austin, TX","If you want a COVID-19 vaccine or need a ride to a local clinic--WE'VE got you covered (AAYHF, Capitol Metro &amp; CTAHI). Find out how we can help below. #weareinthistogether #COVID19 https://t.co/BmGfXTCEt4",2022-04-11 20:50:43+00:00,"weareinthistogether,covid19","If you want a COVID-19 vaccine or need a ride to a local clinic--WE'VE got you covered (AAYHF, Capitol Metro  CTAHI). Find out how we can help below."
1,Star-Advertiser,"Honolulu, Hawaii",".@CVS, feds reach agreement on #COVID19 vaccine portal accessibility https://t.co/sAk56trlBR",2022-04-11 20:50:04+00:00,covid19,"., feds reach agreement on vaccine portal accessibility"
1,Dr. Lynora Saxinger üá®üá¶- IDologist,University of Alberta Edmonton,"COVID19 vaccine trials in young kids started in early 2021, designed to quickly assess safety and immune responses (given the extensive safety and effectiveness data with mRNA vaccines in other age groups.)
Article with some commentary here: https://t.co/h9vy22kEwr
5/",2022-04-11 20:48:04+00:00,,"COVID19 vaccine trials in young kids started in early , designed to quickly assess safety and immune responses (given the extensive safety and effectiveness data with mRNA vaccines in other age groups.)Article with some commentary here"
1,Public Health - Seattle & King County,"Seattle & King County, WA","Starting Friday, April 15th, Outlet Collection Mall #COVID19 vaccine site in @auburn_wa will be open Friday - Monday, 10:30am to 7:00pm.

Drop-ins welcome and same day appointments are available for vaccinations and boosters. For more information, go to: https://t.co/5l97kkZ2vf. https://t.co/MuunJRm3XA",2022-04-12 23:58:08+00:00,covid19,"Starting Friday, April th, Outlet Collection Mall vaccine site in will be open Friday - Monday, 30am to 00pm.Drop-ins welcome and same day appointments are available for vaccinations and boosters. For more information, go to ."
1,Tian_A1,Everywhere,#Pfizer's COVID pill Paxlovid gets boost in Britain thanks to spot in [ https://t.co/B5WJx1x0El ] Il y a 9heures Pfizer's #Covid19 vaccine and antiviral show little sign of slowing down in the The pandemic catapulted BioNTech into the #Biotech big le https://t.co/di6c0mpnIY,2022-04-12 23:56:05+00:00,"pfizer,covid19,biotech",'s COVID pill Paxlovid gets boost in Britain thanks to spot in [ ] Il y a heures Pfizer's vaccine and antiviral show little sign of slowing down in the The pandemic catapulted BioNTech into the big le
0,Nina Sun,,A case study on why communities need to part of pandemic preparedness üëáüëáüëá #covid19 https://t.co/MYmeSCJxvG,2022-04-12 23:36:29+00:00,covid19,A case study on why communities need to part of pandemic preparedness
-1,Tian_A1,Everywhere,"After initial hiccup, many private hospitals start offering #Covid19 vaccine booster doses demand rises [ https://t.co/eQQKYl5RAl ] Il y a 18heures With both Serum Institute of #India and Bharat #Biotech asking private hospitals to start offering COV https://t.co/JfFHSg7Ek1",2022-04-12 23:07:06+00:00,"covid19,india,biotech","After initial hiccup, many private hospitals start offering vaccine booster doses demand rises [ ] Il y a heures With both Serum Institute of and Bharat asking private hospitals to start offering COV"
0,Colorado Department of Public Health & Environment,Colorado,"@CDCgov and CDPHE have released COVID-19 revaccination information for patients who received invalid doses of COVID-19 vaccine at the Centennial-based Health Now Medical, LLC (operating as Health Now Family Practice). 

Press release: https://t.co/9I7pFOsRWH",2022-04-12 22:45:56+00:00,,"and CDPHE have released COVID-19 revaccination information for patients who received invalid doses of COVID-19 vaccine at the Centennial-based Health Now Medical, LLC (operating as Health Now Family Practice). Press release"
0,Martin Oaks,"Lewisville, TX and Dallas, TX",Dr. #Jha new #COVID19  #czar. #leadership #doctor #medicine #hospital #Research #speaker #WhiteHouse #CDC #WHO #Congress #usa #vaccine #booster #legal #masks #schools #travel https://t.co/EkmbmSfaZx,2022-04-12 22:33:59+00:00,"jha,covid19,czar,leadership,doctor,medicine,hospital,research,speaker,whitehouse,cdc,who,congress,usa,vaccine,booster,legal,masks,schools,travel",Dr. new .
0,YourVaccinationGuide.org,,"Get all the answers you are looking for about #Covid-19 #vaccine on @YourVaccinationGuide in English and Spanish that includes advice from medical experts and testimonials from real people. Stay in the know by visiting us! #vaccination #COVID19 
https://t.co/ygnkg6vh5M",2022-04-12 22:30:38+00:00,"covid,vaccine,vaccination,covid19",Get all the answers you are looking for about on in English and Spanish that includes advice from medical experts and testimonials from real people. Stay in the know by visiting us!
-1,North Bay Parry Sound District Health Unit,Northern Ontario,"18+, no symptoms and boosted? You don‚Äôt need to #isolate if a household member has #COVID19 symptoms or tests positive. Where to get your #booster: https://t.co/ndNsAJpYm6. Info on isolation guidelines: https://t.co/YQrOOdqXxV, or ON's Testing &amp; Isolation Line:‚ÄØ1-888-777-0730 https://t.co/YkVZQSOBZN",2022-04-12 22:30:05+00:00,"isolate,covid19,booster","+, no symptoms and boosted? You dont need to if a household member has symptoms or tests positive. Where to get your  . Info on isolation guidelines , or ON's Testing  Isolation Line1-888-777-0730"
1,James Coleman,,"@VariantOmicron_ @JohnnyX1987 @VoisonMyOpinion https://t.co/kpQH3wm7K8

https://t.co/AG3ulRaXmB

https://t.co/2dZ4BrNnvm

https://t.co/z8UnMnL0k1

And studies across the world agree:

https://t.co/h5ZSAPlcH5

https://t.co/RgO6xcear6

https://t.co/K5b2EgwVUy

But really, just speak to some virologists. Speak to doctors.",2022-04-12 22:25:06+00:00,,"studies across the world agree really, just speak to some virologists. Speak to doctors."
1,Pea Green Corner,,"@MootLvr66 @TenTonHeart I switched. First three shots Pfizer, asked for and got Moderna this time.  Some preliminary findings suggest mixing may be better.  https://t.co/4yNFNyEeUL",2022-04-12 22:07:46+00:00,,"I switched. First three shots Pfizer, asked for and got Moderna this time. Some preliminary findings suggest mixing may be better."
1,Lynn Deborah ‚ú°Ô∏è üé® üí¨,"Oregon, USA","A German State Is Last in Almost Everything. But It‚Äôs No. 1 in Vaccines.
Bremen ‚Äî Germany‚Äôs smallest state ‚Äî managed its vaccination campaign better than any other place in Germany. It succeeded by activating community networks. #Covid19 #Vaccinations  https://t.co/faOtjISyJ0",2022-04-12 22:03:14+00:00,"covid19,vaccinations",A German State Is Last in Almost Everything. But Its No. in Vaccines.Bremen Germanys smallest state managed its vaccination campaign better than any other place in Germany. It succeeded by activating community networks.
1,Louis T McFadden,,"MU nursing receives $70,000 grant to combat vaccine hesitancy | COVID-19 | https://t.co/bD1rf00zwr. Sounds like a government propaganda program yet again ‚Ä¶ what‚Äôs that curriculum look like @hawley ‚Å¶‚Å¶@RepHartzler‚Å©  https://t.co/HzgiDHaBv3",2022-04-12 21:49:23+00:00,,"MU nursing receives $70,000 grant to combat vaccine hesitancy | COVID-19 | . Sounds like a government propaganda program yet again whats that curriculum look like"
1,Indiana Department of Health,Indiana,"The more a virus spreads, the more it mutates and the more variants can emerge. #COVID19 vaccinations can help stop new variants from emerging.

Help stop the spread of variants of the virus that causes COVID-19 by getting vaccinated as soon as you can üíâ https://t.co/2akqSy3dip https://t.co/sawdd097a4",2022-04-12 21:31:11+00:00,covid19,"The more a virus spreads, the more it mutates and the more variants can emerge. vaccinations can help stop new variants from emerging.Help stop the spread of variants of the virus that causes COVID-19 by getting vaccinated as soon as you can"
1,POPEYE,NICE,Two doctors suspended for speaking out about the Covid-19 vaccine win appeal https://t.co/5qdC92ih62,2022-04-12 21:26:19+00:00,,Two doctors suspended for speaking out about the Covid-19 vaccine win appeal
1,PacificaSeniorLiving,"San Diego, CA","Here's everything you need to know about the FDA's approval of a second booster of the COVID-19 vaccine. The shot is intended to ensure those at a higher risk of infection - such as seniors - are protected.

#PacificaSeniorLiving #COVID19
https://t.co/No11euicfS https://t.co/tPP12hMqMJ",2022-04-12 21:20:49+00:00,"pacificaseniorliving,covid19",Here's everything you need to know about the FDA's approval of a second booster of the COVID-19 vaccine. The shot is intended to ensure those at a higher risk of infection - such as seniors - are protected. 
0,Optometry Times,"Cleveland, Philadelphia",".@pfizer and @BioNTech_Group launch omicron-specific COVID-19 vaccine trial https://t.co/Qr1lZAEKm4

#Optometry #COVID #COVID19 #ClinicalTrial https://t.co/L7bjIqdgCX",2022-04-12 21:00:29+00:00,"optometry,covid,covid19,clinicaltrial",. and launch omicron-specific COVID-19 vaccine trial
-1,Illinois CEAL,,"#Parents and #caregivers:  Read this article to better understand the rare but treatable risks of the #COVID19 vaccine. 

https://t.co/xjeVDsBRbs

#GetTheVax",2022-04-12 21:00:18+00:00,"parents,caregivers,covid19,getthevax",and  Read this article to better understand the rare but treatable risks of the vaccine.
-1,David  ‚ôøÔ∏èüé®,"Harrisburg, PA","COVID stab number 4. 

I‚Äôll get them every time they say I need one. This isn‚Äôt a bid deal, y‚Äôall. 

Get #vaccinated #vax #vaccine #COVID19 #covidvax",2022-04-12 20:38:05+00:00,"vaccinated,vax,vaccine,covid19,covidvax","COVID stab number . Ill get them every time they say I need one. This isnt a bid deal, yall. Get"
0,Canadian National Multilingual Newsgroup,Toronto,"Ontario: on April 12, numbers released by the Ministry of Health show health officials administered 28,641 vaccine doses on Monday, down from 12,516 doses the day prior 
(CNMNG News üá®üá¶)

https://t.co/SDOvWb0D0P

#COVID19 #Ontario #vaccinations #Canada #COVID",2022-04-12 20:35:48+00:00,"covid19,ontario,vaccinations,canada,covid","Ontario on April , numbers released by the Ministry of Health show health officials administered vaccine doses on Monday, down from doses the day prior (CNMNG News )"
0,Shane Woodford,"Faaborg, Denmark","#Finland registered 7,216 #COVID19 infection and had no new #coronavirus deaths since yesterday‚Äôs update. #COVID hospitalizations (966) have increased (+42). So far, 80.2% of the total population have one vaccine dose, 76.9% have two, and 51.4% have a booster shot. https://t.co/VgJwlLLchi",2022-04-12 20:30:42+00:00,"finland,covid19,coronavirus,covid","registered infection and had no new deaths since yesterdays update. hospitalizations (966) have increased (+42). So far,  of the total population have one vaccine dose,  have two, and  have a booster shot."
1,"University of Maryland, Baltimore","Baltimore, Maryland",The outcome from one of these newest @IHVmaryland studies indicate that this trained innate immune response spurred by vaccination using the live polio-virus may provide protection for up to 6 months against COVID infection. #COVID19 https://t.co/rHMYlLNgJd,2022-04-12 20:30:02+00:00,covid19,The outcome from one of these newest studies indicate that this trained innate immune response spurred by vaccination using the live polio-virus may provide protection for up to months against COVID infection.
-1,Jean-Luc Mathay,Thoissey (France),"(Post updated) The African continent is still victim of unequal access to the #vaccine against #COVID19... in addition to unequal access to many drugs...
#VaccinEquity 
#CovidIsNotOver
#CovidIsntOver
#ctaop
https://t.co/5C4Lq5VKSZ",2022-04-12 20:26:16+00:00,"vaccine,covid19,vaccinequity,covidisnotover,covidisntover,ctaop",(Post updated) The African continent is still victim of unequal access to the against ... in addition to unequal access to many drugs... 
0,Center for Urban Community Services | CUCS,"New York, NY","The very nature of the shots is an encore; at one point, the people who now need them ‚Äúmust have already decided a shot would be worthwhile.‚Äù 
- CUCS Chief Medical Officer, Dr. Van Yu, on getting #COVID19 boosters into arms. @TheAtlantic @KatherineJWu 

https://t.co/yVaU6xuQwW",2022-04-12 20:20:30+00:00,covid19,"The very nature of the shots is an encore at one point, the people who now need them must have already decided a shot would be worthwhile. - CUCS Chief Medical Officer, Dr. Van Yu, on getting boosters into arms."
1,Secular Citizen MD üåπ,"Seattle, WA","Newsflash: You are going to get #COVID19. It does not matter if you are vaccinated or wear a mask. COVID is here to stay, and eventually, everyone will get it. The vaccine helps to reduce hospitalizations and minimize the risks.",2022-04-12 20:15:12+00:00,covid19,"Newsflash You are going to get . It does not matter if you are vaccinated or wear a mask. COVID is here to stay, and eventually, everyone will get it. The vaccine helps to reduce hospitalizations and minimize the risks."
0,SpringLaw,"Toronto, Ontario","Employers: What the End of Covid-19 Measures Mean -- Written by @HilaryKPage1 

https://t.co/Js4PjmxQXi

#COVID19 #HR #Employer #vaccine #vaccinepolicy #businessowner",2022-04-12 20:13:21+00:00,"covid19,hr,employer,vaccine,vaccinepolicy,businessowner",Employers What the End of Covid-19 Measures Mean -- Written by
0,Alvaro Carrascal,Upstate NY,"From @CDCMMWR Among persons w/ previous #SARSCoV2 infection or #COVID19 diagnosis, receipt of a ..mRNA vaccine provided protection against subsequent COVID-19 hospitalization. 
 https://t.co/iF6QnqmNcv",2022-04-12 20:05:05+00:00,"sarscov2,covid19","From Among persons w previous infection or diagnosis, receipt of a ..mRNA vaccine provided protection against subsequent COVID-19 hospitalization."
0,Humanity,Here & where my mind takes me.,#COVID19 #Long Covid #mRNA #Covid_19 #OMICRON2 #Omicron MRNA Vaccine‚Äôs Don‚Äôt Work In The Upper Respiratory Tract : https://t.co/TfeR42pMcR @WesElyMD @NPR @TheAtlantic https://t.co/mZBZEcLP6I,2022-04-13 23:58:02+00:00,"covid19,long,mrna,covid_19,omicron2,omicron",Covid MRNA Vaccines Dont Work In The Upper Respiratory Tract 
0,GailReedMEDICC,USA #Chicago born!,"#Cuba readying to study its #Soberana #COVID19 #vaccine in infants in phase 1/2 trial designed by Finlay Vaccine Institute. Kids as young as 2 years are already eligible for vaccination, and some 1.8 million have received doses of the Cuban COVID vaccines.@FinlayInstituto https://t.co/SsuUVBjsO4",2022-04-13 23:48:53+00:00,"cuba,soberana,covid19,vaccine","readying to study its in infants in phase 2 trial designed by Finlay Vaccine Institute. Kids as young as years are already eligible for vaccination, and some million have received doses of the Cuban COVID vaccines."
-1,Alvaro Carrascal,Upstate NY,"Israel study suggests ‚Äú.a 4th dose of BNT162b2 vaccine ‚¨ÜÔ∏èprotection against PCR-confirm. #SARSCOV2 inf., symptom. #Covid19, Covid-19‚Äìrel. hospitalization, severe Covid-19, &amp; Covid-19‚Äìrel. death.. compared w/ a 3rd (booster) dose given at least 4 mo. earlier among 60 yo. &amp; older.",2022-04-13 23:48:49+00:00,"sarscov2,covid19","Israel study suggests .a th dose of BNT162b2 vaccine protection against PCR-confirm. inf., symptom. , Covid-19rel. hospitalization, severe Covid-19,  Covid-19rel. death.. compared w a rd (booster) dose given at least mo. earlier among yo.  older."
0,covidhealth,,New COVID Vaccine May Better Protect Cancer Patients @LizHighleyman https://t.co/0lVRXbJZAp #coronavirus #COVID19,2022-04-13 23:43:42+00:00,"coronavirus,covid19",New COVID Vaccine May Better Protect Cancer Patients
0,Miguel Hern√°n,Boston,"1/
Our findings on a fourth dose (2nd booster) of the Pfizer-BioNTech #COVID19 vaccine are now published.

Compared with 3 doses only, a fourth dose had 68% effectiveness against COVID-19 hospitalization during the Omicron era in persons over 60 years of age.

Interestingly... https://t.co/7N58pHnUd5",2022-04-13 23:41:02+00:00,covid19,"Our findings on a fourth dose (2nd booster) of the Pfizer-BioNTech vaccine are now published.Compared with doses only, a fourth dose had  effectiveness against COVID-19 hospitalization during the Omicron era in persons over years of age.Interestingly..."
1,APPRISE,Australia,"New crop of #COVID19 mRNA vaccines could be easier to store, cheaper to use

If approved, they could bring the pandemic‚Äôs vaccine technology to more of the world

#COVID19Aus #COVID19Australia #CovidVaccine
https://t.co/Xt5xtJ4Crd https://t.co/lpaytiC4sz",2022-04-13 23:40:03+00:00,"covid19,covid19aus,covid19australia,covidvaccine","New crop of mRNA vaccines could be easier to store, cheaper to useIf approved, they could bring the pandemics vaccine technology to more of the world "
0,Tom Gillispie -- NATURE NEEDS OUR HELP,"Rural Hall, NC","#health LINKS TO CORONAVIRUS AND HEALTH 2022 #battling_coronavirus #Biden_administration #coronavirus #sickness #covid19 #illness #COVID_hospitalizations #vaccine_mandates #anti_vaccine #anti_vaxxers
https://t.co/G7x7o3MaBx
https://t.co/arLoiUgPF1",2022-04-13 23:25:37+00:00,"health,battling_coronavirus,biden_administration,coronavirus,sickness,covid19,illness,covid_hospitalizations,vaccine_mandates,anti_vaccine,anti_vaxxers",LINKS TO CORONAVIRUS AND HEALTH 
-1,Eva Michelle,,"@joncoopertweets I‚Äôm vaccinated, No busters and No COVID19, despite the fact that I had contact with a coworker who had COVID, and she has the vaccine and 1 booster!",2022-04-13 23:24:49+00:00,,"Im vaccinated, No busters and No COVID19, despite the fact that I had contact with a coworker who had COVID, and she has the vaccine and booster!"
-1,Darling Downs Health,"Toowoomba, Queensland","Today is our last day at the Clifford Gardens vaccination clinic! We will close our gates for the last time at 4pm. 
 
Pop on down if you need your vaccination, no bookings required, just walk on in! üö∂üèª‚Äç‚ôÄÔ∏è

To find a vaccination location near you üëâüèª https://t.co/dft9zmQnAx https://t.co/hgt0kbePA5",2022-04-13 23:00:41+00:00,,"Today is our last day at the Clifford Gardens vaccination clinic! We will close our gates for the last time at pm. Pop on down if you need your vaccination, no bookings required, just walk on in! To find a vaccination location near you"
1,Al Arabiya English,Dubai,"A new #COVID19 vaccine might also protect #cancer patients with weak immune systems, a new study finds.

https://t.co/orcjTIu3rX",2022-04-13 22:40:00+00:00,"covid19,cancer","A new vaccine might also protect patients with weak immune systems, a new study finds."
-1,Vaccine Evaluation Center,Vancouver BC,"VEC's @manishs_ spoke to @cbcnewsbc on low child vaccine rate for #COVID19:
Many parents are more worried about the vaccine's side effects despite COVID-19 being a greater risk ‚Äî even to kids.
""Ultimately, these vaccines are extremely safe for children""
https://t.co/7EtbIO4kS4",2022-04-13 22:36:51+00:00,covid19,"VEC's spoke to on low child vaccine rate for Many parents are more worried about the vaccine's side effects despite COVID-19 being a greater risk even to kids.""Ultimately, these vaccines are extremely safe for children"""
0,Edward Koenig,"New York, NY, USA","""The subvariants ‚Äî called BA.2.12 and BA.2.12.1 ‚Äî accounted for more than 70 percent of new cases in central New York State...""
#COVID19 #CovidIsNotOver
https://t.co/8Er6rqugYX",2022-04-13 22:29:57+00:00,"covid19,covidisnotover","""The subvariants called BA.2.12 and BA.2.12.1 accounted for more than percent of new cases in central New York State..."" "
0,LondonTimes,Great Britain,"The transparency tightrope: Why regulators are being taken to court over #Pfizer‚Äôs #Covid19 #vaccine. 
 https://t.co/6GUmGHmJl6",2022-04-13 22:08:51+00:00,"pfizer,covid19,vaccine",The transparency tightrope Why regulators are being taken to court over .
1,dRC,"Fredericksburg,VA Region","Do you have a disability and need help accessing the COVID-19 vaccine? The dRC can assist you with finding a vaccination, scheduling an in-home vaccination, accessible transportation to a vaccination appointment, and much more. Call us at 540-373-2559 for help. #COVID19 #Vaccine https://t.co/FTei6BIvZK",2022-04-13 22:00:24+00:00,"covid19,vaccine","Do you have a disability and need help accessing the COVID-19 vaccine? The dRC can assist you with finding a vaccination, scheduling an in-home vaccination, accessible transportation to a vaccination appointment, and much more. Call us at -373-2559 for help."
-1,Australian Doctor,"Sydney, Australia","One GP suspended after being accused of issuing fake COVID-19 vaccine exemptions says demand for the certificates was so great he thought he would be investigated for breaching the 80/20 rule

https://t.co/HXTARlLOcW",2022-04-13 21:59:00+00:00,,One GP suspended after being accused of issuing fake COVID-19 vaccine exemptions says demand for the certificates was so great he thought he would be investigated for breaching the 20 rule
-1,Cryssy,üá®üá¶,"@gorilluhh @NayrTv @G2esports If you're getting mild myocarditis from the vaccine, you would likely die from myocarditis via covid. Covid19 vaccine is much less immunogenic than covid itself.",2022-04-13 21:46:03+00:00,,"If you're getting mild myocarditis from the vaccine, you would likely die from myocarditis via covid. Covid19 vaccine is much less immunogenic than covid itself."
1,Pinkvilla,"Mumbai, India","‚ÄòVaximum Immunity‚Äô: #Amul shares a quirky doodle after GOI allows adults to get booster dose of #COVID19 vaccine
https://t.co/lZYblr7iQy",2022-04-13 21:41:19+00:00,"amul,covid19",Vaximum Immunity shares a quirky doodle after GOI allows adults to get booster dose of vaccine
0,N.R.Patton,"Bronx, NY","‚ÄúIt‚Äôs just a reminder that we‚Äôre not out of the woods with regard to this virus, and people should continue to take precautions and to get fully #vaccinated if they haven‚Äôt completed their course..."" #COVID19
https://t.co/7SwmTnRS8p",2022-04-13 21:35:22+00:00,"vaccinated,covid19","Its just a reminder that were not out of the woods with regard to this virus, and people should continue to take precautions and to get fully if they havent completed their course..."" "
-1,"Robin P, Clown World Fact Checker ü§°üåé",Tennessee,"Don‚Äôt forget that Fauci Ouchie is now going around for a 4th try. I‚Äôm not anti-vax, but I am anti-mandate. I also take issue with a ‚Äúvaccine‚Äù that has to be repeated this often to do anything #COVID #COVID19 #fauci #vaccination https://t.co/slR5urJpQo",2022-04-13 21:31:46+00:00,"covid,covid19,fauci,vaccination","Dont forget that Fauci Ouchie is now going around for a th try. Im not anti-vax, but I am anti-mandate. I also take issue with a vaccine that has to be repeated this often to do anything"
0,Prairie Mountain Health,"Manitoba, Canada","#BRANDON COVID WALK IN vaccine clinic at the Brandon Shoppers Mall on April 16.  Offering 1st, 2nd &amp; 3rd doses if eligible. Check eligibility criteria https://t.co/EcoPoLt5zm.    @BNRC1 https://t.co/rb73oVbZn6",2022-04-13 21:25:03+00:00,brandon,"COVID WALK IN vaccine clinic at the Brandon Shoppers Mall on April . Offering st, nd  rd doses if eligible. Check eligibility criteria ."
1,NJDOH,New Jersey,"You can get vaccinated against COVID-19 at St. Matthew AME in Orange on April 22 from 2pm to 7pm. Walk ups welcome, no appointment, ID or insurance required. For more information visit https://t.co/57glooZN4W https://t.co/8MZImPV27y",2022-04-13 21:12:31+00:00,,"You can get vaccinated against COVID-19 at St. Matthew AME in Orange on April from pm to pm. Walk ups welcome, no appointment, ID or insurance required. For more information visit"
-1,TCTMD,"New York, NY","Patients who receive the #COVID19 vaccine are no more likely to develop myopericarditis than with a flu shot.
Lead authors @ryanryling and Kollengode Ramanathan, MD, pulled data from 22 studies with over 400 million vaccine doses.
https://t.co/yhSSiG5ICF",2022-04-13 21:01:08+00:00,covid19,"Patients who receive the vaccine are no more likely to develop myopericarditis than with a flu shot.Lead authors and Kollengode Ramanathan, MD, pulled data from studies with over million vaccine doses."
1,Ready Arlington üò∑,"Arlington, VA","Need a #COVID19 #vaccine or #booster? Our clinics at Arlington Mill + Walter Reed Community Centers accept walk-ins! No appointment, health insurance or County residence required to visit. We're open to anyone age 5+. 

Visit https://t.co/yFBRh5fYJC or call 703-228-7999 for more. https://t.co/WL4j0XEDiD",2022-04-14 23:53:01+00:00,"covid19,vaccine,booster","Need a or ? Our clinics at Arlington Mill + Walter Reed Community Centers accept walk-ins! No appointment, health insurance or County residence required to visit. We're open to anyone age +. Visit or call -228-7999 for more."
1,Councilmember Raul Peralez,"San Jos√©, CA","Keep your community safe! @HealthySCC is hosting a FREE drop-in mobile vaccination clinic ‚Äì no insurance or appointment required ‚Äì Weds 4/20 from 3:30-7pm at Biblioteca Latinoamericana &amp; Washington United Youth Center, 921 S 1st Street, SJ. Learn more: https://t.co/qgPnevDMdf https://t.co/u6w0uG7B98",2022-04-14 23:39:48+00:00,,"Keep your community safe! is hosting a FREE drop-in mobile vaccination clinic no insurance or appointment required Weds 20 from 30-7pm at Biblioteca Latinoamericana  Washington United Youth Center, S st Street, SJ. Learn more"
1,Neo Winston,,"When you hear ‚Äúplease wear a mask‚Äù translate it to mean ‚Äúmy fear is more important than your comfort, sanity, or wellbeing so do that thing I demand‚Äù. 

#covididiots #vaccine #covid #covid19",2022-04-14 23:38:45+00:00,"covididiots,vaccine,covid,covid19","When you hear please wear a mask translate it to mean my fear is more important than your comfort, sanity, or wellbeing so do that thing I demand."
1,WA Dept. of Health,"Olympia, WA","Native Action Network is a Native-led, nonprofit organization that promotes Native women‚Äôs full participation in local, state, tribal, and national affairs. See their COVID-19 Vaccine Confidence webpage, encouraging indigenous peoples to vaccinate. https://t.co/YGBHZv36zV

#NMHM https://t.co/NzqDhVhKOj",2022-04-14 23:35:02+00:00,nmhm,"Native Action Network is a Native-led, nonprofit organization that promotes Native womens full participation in local, state, tribal, and national affairs. See their COVID-19 Vaccine Confidence webpage, encouraging indigenous peoples to vaccinate."
0,wayne koff,,"Sarah Cobey discusses viral evolution, Omicron, and what to expect next from COVID19 @HumanVacProject 
https://t.co/PyAemhc5kZ",2022-04-14 23:29:29+00:00,,"Sarah Cobey discusses viral evolution, Omicron, and what to expect next from COVID19"
1,Travel News Asia,,"Valneva becomes first whole-virus inactivated COVID19 vaccine to gain regulatory approval in the UK. #Valneva has been approved for people aged 18-50 years, with the 1st &amp; 2nd doses to be taken at least 28 days apart. Protection only starts after 2nd dose. https://t.co/2A3C13Yxlr",2022-04-14 23:09:44+00:00,valneva,"Valneva becomes first whole-virus inactivated COVID19 vaccine to gain regulatory approval in the UK. has been approved for people aged -50 years, with the st  nd doses to be taken at least days apart. Protection only starts after nd dose."
1,Mel Sabek,London,"Cardiac Complications After SARS-CoV-2 Infection and mRNA COVID-19 Vaccination ‚Äî PCORnet, United States, January 2021‚ÄìJanuary 2022 | MMWR 

The #CDC are admitting #Covid19 #vaccine causes heart complications üí•ü§® https://t.co/C6jmMKboBB",2022-04-14 23:09:21+00:00,"cdc,covid19,vaccine","Cardiac Complications After SARS-CoV-2 Infection and mRNA COVID-19 Vaccination PCORnet, United States, January January | MMWR The are admitting causes heart complications"
-1,Dave Naylor,Calgary,"Ryerson students file lawsuit against university over COVID-19 vaccine mandate
https://t.co/X7ugw8WYcP #Ryerson #COVID19 #ontpoli",2022-04-14 23:07:05+00:00,"ryerson,covid19,ontpoli",Ryerson students file lawsuit against university over COVID-19 vaccine mandate
1,Burnaby Schools,"Burnaby, BC","Students in #BurnabySchools are working to help people in developing countries get equitable access to #COVID19 vaccines. The fundraising efforts are led by student club @southwecouncil at @bbysouthSD41. Learn more via @BurnabyNOW_News and @CorNaylor:
https://t.co/ig642qxnXV https://t.co/8DwBBu0oO6",2022-04-14 23:04:44+00:00,"burnabyschools,covid19",Students in are working to help people in developing countries get equitable access to vaccines. The fundraising efforts are led by student club at . Learn more via and 
0,Vladimir Agoshkov,Ukraine,Visualizing How COVID-19 Antiviral Pills and Vaccines Work at the Cellular Level https://t.co/ts7D4jfAl1 #antiviralactivity #cellreceptors #coronavirus #COVID19 #vaccine https://t.co/ajBprtKUnA,2022-04-14 23:03:46+00:00,"antiviralactivity,cellreceptors,coronavirus,covid19,vaccine",Visualizing How COVID-19 Antiviral Pills and Vaccines Work at the Cellular Level
-1,Northern Qld PHN,"Cairns, Queensland","üíâ MAKE THE CHOICE | North Peninsula Area Regional Council Mayor Patricia Yusia made the choice to get her COVID-19 vaccination to be part of the fight against COVID-19.

Read her story here ‚û° https://t.co/ghYxLdf8uo 

#makethechoice #COVID19 #vaccine #getthejab #FirstNations",2022-04-14 23:00:47+00:00,"makethechoice,covid19,vaccine,getthejab,firstnations",MAKE THE CHOICE | North Peninsula Area Regional Council Mayor Patricia Yusia made the choice to get her COVID-19 vaccination to be part of the fight against COVID-19.Read her story here
1,Katwilli22,,@bbfranklin4 @Akugizibwelivi4 @POTUS CDC Covid timeline - count how many months from the start of creating a vaccine - from when it went into public arms https://t.co/CfVBHXRYB9,2022-04-14 22:48:56+00:00,,CDC Covid timeline - count how many months from the start of creating a vaccine - from when it went into public arms
1,UI Stead Family Children's Hospital,"Iowa City, Iowa, USA","The best course of action for families concerned about #COVID19 is to ensure all eligible members of a household, such as parents‚Äîincluding those pregnant or breast-feeding‚Äîand kids ages 5 or older, get vaccinated. Schedule your COVID-19 vaccine today: https://t.co/nc8UNI6BE8 https://t.co/u6fY4Xf7lP",2022-04-14 22:30:02+00:00,covid19,"The best course of action for families concerned about is to ensure all eligible members of a household, such as parentsincluding those pregnant or breast-feedingand kids ages or older, get vaccinated. Schedule your COVID-19 vaccine today"
-1,Deccan Herald,India,"#Covid19 | Available scientific data suggest immunity reduces with time, and those with comorbidities in any age group are vulnerable

#Coronavirus #Coronavirusvaccine #Vaccine https://t.co/7bOjqMlovI",2022-04-14 22:30:02+00:00,"covid19,coronavirus,coronavirusvaccine,vaccine","| Available scientific data suggest immunity reduces with time, and those with comorbidities in any age group are vulnerable"
0,ymediagroup,Canada,"#Novavax #COVID-19 vaccine available at #MetroTorontoConvention Centre vaccination clinic starting April 21
#ymedia #Covid19 #Covid19vaccine 
@cityoftoronto @JohnTory @YudhvirJaswal https://t.co/RmEhHy6Etx",2022-04-14 22:22:30+00:00,"novavax,covid,metrotorontoconvention,ymedia,covid19,covid19vaccine",vaccine available at Centre vaccination clinic starting April
1,"Lauren M. Haack, PhD","San Francisco, CA",https://t.co/ZXWTPri4WD New SFUSD #vaccine sites available with $100 gift cards while supplies last! #Covid_19 #COVID19 #sanfrancisco,2022-04-14 22:19:39+00:00,"vaccine,covid_19,covid19,sanfrancisco",New SFUSD sites available with $100 gift cards while supplies last!
0,Zeinobia is fully vaccinated üíâüíâüíâ,Egypt,"#Bahrain authorizes the use of #valneva #COVID19 #vaccine in the Kingdom The Kingdom of Bahrain first globally to authorise, receive and administer the Valneva COVID-1... via @24liveblog https://t.co/gzxRRluHEh",2022-04-14 22:07:22+00:00,"bahrain,valneva,covid19,vaccine","authorizes the use of in the Kingdom The Kingdom of Bahrain first globally to authorise, receive and administer the Valneva COVID-1... via"
1,AZ Dept of Health,Arizona,"#DidYouKnow People who are up to date with #COVID19 vaccinations are less likely to get ill from COVID-19? It's true!

Learn more about the benefits of COVID-19 vaccines in a new ADHS blog by Dr. Richard Carmona, the 17th U.S. Surgeon General. 

More: https://t.co/jnFHkYs4pi https://t.co/3RXzzjIbk7",2022-04-14 22:03:01+00:00,"didyouknow,covid19","People who are up to date with vaccinations are less likely to get ill from COVID-19? It's true!Learn more about the benefits of COVID-19 vaccines in a new ADHS blog by Dr. Richard Carmona, the th U.S. Surgeon General. More"
0,Hitech Guru,"Toronto, Canada","#COVIDupdates, April 14 #Quebec could lift #maskmandate if #hospitalizations are declining in two weeks, Legault says  https://t.co/btStTmpXM7 #omicron #OmicronVariant #COVID19 #Corona #CoronavirusUpdates #XEVariant #covidvariant #covidrestrictions #CovidIsntOver #6ThWave #qcpoli",2022-04-14 22:01:28+00:00,"covidupdates,quebec,maskmandate,hospitalizations,omicron,omicronvariant,covid19,corona,coronavirusupdates,xevariant,covidvariant,covidrestrictions,covidisntover,6thwave,qcpoli",", April could lift if are declining in two weeks, Legault says"
1,Al Arabiya English,Dubai,"#Britain‚Äôs medicines regulator says it has approved the use of Moderna Inc‚Äôs #COVID19 vaccine in children between six and 11 years, as the country bolsters itself for fighting coronavirus infections.
https://t.co/vF8e1spB4m",2022-04-14 22:00:00+00:00,"britain,covid19","medicines regulator says it has approved the use of Moderna Incs vaccine in children between six and years, as the country bolsters itself for fighting coronavirus infections."
1,Boston Public Health,Boston,"The Boston Public Health Commission recommends a second booster dose for certain high risk groups and individuals. To find a booster near you, visit https://t.co/hg4jJvGAuR or call the Mayor's Health Line at 617-534-5050. #bospoli https://t.co/JIJTdRUip8",2022-04-14 22:00:00+00:00,bospoli,"The Boston Public Health Commission recommends a second booster dose for certain high risk groups and individuals. To find a booster near you, visit or call the Mayor's Health Line at -534-5050."
0,Kellee Azar,"Portland, OR","Washington Health officials have voted against requiring the #Covid19 vaccine for students to attend public schools. What do you think, should students be required to get the vaccine? #LiveOnK2 

https://t.co/KPpuZlHXNo",2022-04-14 21:46:03+00:00,"covid19,liveonk2","Washington Health officials have voted against requiring the vaccine for students to attend public schools. What do you think, should students be required to get the vaccine?"
1,ùó£ùó¢ùó¶ùóß ùó¢ùóªùóπùó∂ùóªùó≤ ùó†ùó≤ùó±ùó∂ùóÆ,World,UK's Medicines and Healthcare products Regulatory Agency approved Valneva COVID-19 vaccine https://t.co/0HIB4Tq2DN #Health https://t.co/eQQT8822Zi #news 314,2022-04-14 21:30:13+00:00,"health,news",UK's Medicines and Healthcare products Regulatory Agency approved Valneva COVID-19 vaccine
1,Streetwise Reports,,"Vaccine Maker Awarded Approval for COVID-19 Vaccine: https://t.co/fBYVaNEoND

Valneva traded higher after reporting the U.K.'s MHRA granted Conditional Marketing Authorization for its COVID-19 vaccine candidate in adults 18-50 years old.

$VALN #COVID19 #stocks @valnevaSE",2022-04-14 21:30:06+00:00,"covid19,stocks",Vaccine Maker Awarded Approval for COVID-19 Vaccine traded higher after reporting the U.K.'s MHRA granted Conditional Marketing Authorization for its COVID-19 vaccine candidate in adults -50 years old.$VALN
1,Marc Gozlan,"Paris, France","#COVID19 The Netherlands will not approve the Moderna vaccine for children under 12. The European Medicines Agency approved the use of the Moderna vaccine for kids btw the ages of 6 and 11 in February, but the Dutch Health Council advised against it https://t.co/TvFuXHzYSm",2022-04-14 21:27:04+00:00,covid19,"The Netherlands will not approve the Moderna vaccine for children under . The European Medicines Agency approved the use of the Moderna vaccine for kids btw the ages of and in February, but the Dutch Health Council advised against it"
1,Eric Cadesky MD,Vancouver,"While many kids aged 5-11 have not yet received two doses of the COVID vaccine, early studies suggest that a third dose may safely offer even more protection 
https://t.co/BxCfPjQwel @BirinderNarang @KatharineSmart @Kidsdoc1Rick @ShawnGeorge828 @Kidsdoc1Rick",2022-04-14 21:25:16+00:00,,"While many kids aged -11 have not yet received two doses of the COVID vaccine, early studies suggest that a third dose may safely offer even more protection"
-1,Chiquita Brooks-LaSure,,"#COVID19 can lead to serious illness and hospitalization, even in children. Vaccines can help protect your child from COVID and serious COVID-related illnesses. 

Everyone 5+ is eligible for the vaccine. Learn more at https://t.co/L9UYCBWc4l. https://t.co/0IxeEEFli5",2022-04-14 21:23:20+00:00,covid19,"can lead to serious illness and hospitalization, even in children. Vaccines can help protect your child from COVID and serious COVID-related illnesses. Everyone + is eligible for the vaccine. Learn more at ."
1,Marc Gozlan,"Paris, France",The Medicines and Healthcare products Regulatory Agency (MHRA) approves the Moderna #COVID19  vaccine ‚ÄòSpikevax‚Äô for use in 6 to 11-year olds https://t.co/9xrUAET3Y7 via @GOVUK,2022-04-14 21:20:31+00:00,covid19,The Medicines and Healthcare products Regulatory Agency (MHRA) approves the Moderna vaccine Spikevax for use in to -year olds via
-1,Philip Fudge,,#Texas #Covid19 if the vaccine is effective..why are more 20-29 year-olds being counted as Covid deaths post heavy vaccination than when there was no vaccine? https://t.co/Tc2IImS2hA,2022-04-14 21:18:32+00:00,"texas,covid19",if the vaccine is effective..why are more -29 year-olds being counted as Covid deaths post heavy vaccination than when there was no vaccine?
-1,Philip Fudge,,#Texas #Covid19 if the vaccine is effective..why are more 30-39 year-olds being counted as Covid deaths post heavy vaccination than when there was no vaccine? https://t.co/HIUZiXCYrM,2022-04-14 21:11:12+00:00,"texas,covid19",if the vaccine is effective..why are more -39 year-olds being counted as Covid deaths post heavy vaccination than when there was no vaccine?
1,Chiefs of Ontario,"Toronto, Ontario","The best defence against serious illness is to get vaccinated with two doses of the #COVID19 vaccine, and with one or more boosters as soon as you are eligible. 

Visit https://t.co/waamnPB2CW to schedule your vaccine appointment! https://t.co/ZtaJuyUZiD",2022-04-14 20:55:13+00:00,covid19,"The best defence against serious illness is to get vaccinated with two doses of the vaccine, and with one or more boosters as soon as you are eligible. Visit to schedule your vaccine appointment!"
1,The Yorkshire Times,Yorkshire,"Valneva COVID-19 Vaccine Approved By MHRA #covid19 #Valneva
https://t.co/iSdFBPkoze",2022-04-15 23:20:04+00:00,"covid19,valneva",Valneva COVID-19 Vaccine Approved By MHRA 
1,L.A. Care Health Plan,Los Angeles,"Bianca Mercado shares why she chose to vaccinate her daughter, Madison! üíâ 

Help protect children and teens by getting those who are eligible vaccinated against #COVID19.

For the latest #COVID19 vaccine resources visit: 
https://t.co/skr75ds0tA

#VaccinesSaveLives https://t.co/sDstb89dbo",2022-04-15 23:09:17+00:00,"covid19,covid19,vaccinessavelives","Bianca Mercado shares why she chose to vaccinate her daughter, Madison! Help protect children and teens by getting those who are eligible vaccinated against .For the latest vaccine resources visit"
1,NewsRescue,New York,"Fauci: Lockdowns Prevent People from Getting Natural Exposure So they Depend on Big Pharma Vaccination - https://t.co/V4arpYo1pV

Dr.¬†Anthony Fauci, the head of the National Institute of Allergy and  #covid #covid19 #omicron #vaccine

https://t.co/uwjsDZZfMb https://t.co/n8RTq29ux8",2022-04-15 23:07:44+00:00,"covid,covid19,omicron,vaccine","Fauci Lockdowns Prevent People from Getting Natural Exposure So they Depend on Big Pharma Vaccination - Fauci, the head of the National Institute of Allergy and "
-1,The Age,"Melbourne, Australia","Australians under 65 years old with no underlying health conditions are unlikely to need a fourth dose of the coronavirus vaccine before winter.

#COVID19 #COVID19Vic https://t.co/6cI2MunHmX",2022-04-16 23:30:10+00:00,"covid19,covid19vic",Australians under years old with no underlying health conditions are unlikely to need a fourth dose of the coronavirus vaccine before winter.
0,The Epoch Times,"New York, USA","Some theaters on #Broadway in #NewYorkCity will not require #Vaccines against #COVID19 from customers, starting in May, the @BroadwayLeague announced. https://t.co/EQlZf5iiuX",2022-04-16 23:10:01+00:00,"broadway,newyorkcity,vaccines,covid19","Some theaters on in will not require against from customers, starting in May, the announced."
0,Colorado Department of Public Health & Environment,Colorado,"CDPHE continues its statewide #COVID19 vaccination campaign this week with clinics scheduled at a wide variety of community locations including education centers, libraries, shopping areas and other community locations. 

https://t.co/lzm9Briz8B https://t.co/y1VEU3wk13",2022-04-16 23:00:02+00:00,covid19,"CDPHE continues its statewide vaccination campaign this week with clinics scheduled at a wide variety of community locations including education centers, libraries, shopping areas and other community locations."
-1,M H,India,@RahulGandhi Sir country has 2 type of virus one is covid19 another is modi14. Why covid is 19 because started in 2019. Why modi14 because he started in 2014. Now nation has to decide which worst midi14 or covid19. Covid19 has vaccine modi14 has medicine that is votes throw him out in 2024.,2022-04-16 22:27:15+00:00,,Sir country has type of virus one is covid19 another is modi14. Why covid is because started in . Why modi14 because he started in . Now nation has to decide which worst midi14 or covid19. Covid19 has vaccine modi14 has medicine that is votes throw him out in .
1,üá∫üá¶ #CPC can't have my nameüá®üá¶üçÅ,Canada,#Valneva #Covid #vaccine approved for use in UK. #covid19 #jabs https://t.co/lrWac14DQ2,2022-04-16 22:01:32+00:00,"valneva,covid,vaccine,covid19,jabs",approved for use in UK.
0,Blair Menachi,"Glasgow, Scotland",https://t.co/7Izy96XeJ9 #COVID19 #vaccineinjuries need to be fully investigated to enable lessons to be learned.,2022-04-16 21:42:32+00:00,"covid19,vaccineinjuries",need to be fully investigated to enable lessons to be learned.
0,The Epoch Times,"New York, USA","Cases of rare vulvar ulcers have been diagnosed in adolescent girls after receiving a second dose of #Pfizer's mRNA #Vaccine against #COVID19, according to the April edition of the Journal of Pediatric &amp; Adolescent Gynecology. https://t.co/ZamMTkvzWG",2022-04-16 21:25:01+00:00,"pfizer,vaccine,covid19","Cases of rare vulvar ulcers have been diagnosed in adolescent girls after receiving a second dose of 's mRNA against , according to the April edition of the Journal of Pediatric  Adolescent Gynecology."
0,WxKenYYC,"Calgary, Aberta","Calgary Alberta #ABstorm YYC YBW
2022 April 18, 3:11pm
Alberta Childrens Hospital Sky/67 Virga 
@AHS_media COVID-19 Immunization Booking https://t.co/rqouNsQAOK https://t.co/PIk5LCQkhX",2022-04-16 21:12:47+00:00,abstorm,"Calgary Alberta YYC YBW2022 April , 11pmAlberta Childrens Hospital Sky67 Virga COVID-19 Immunization Booking"
1,CEPI,Global,"We're providing up to US $8.7 million to support a trial led by @MCRI_for_kids 
to assess the impact of administering reduced #COVID19 booster shots.

Studies will take place across
üá¶üá∫  Australia
üá≤üá≥ Mongolia
üáÆüá© Indonesia 
https://t.co/TSEkA5ur95",2022-04-16 21:10:00+00:00,covid19,We're providing up to US $8.7 million to support a trial led by to assess the impact of administering reduced booster shots.Studies will take place across Australia Mongolia Indonesia
1,The ASCO Post,"Huntington, NY",Third Dose of COVID-19 Vaccine Significantly Increases Immune Responses in Most Patients With Multiple Myeloma https://t.co/MNKbZJS1TM #COVID19 #vaccine #mmsm #hematology,2022-04-16 20:53:00+00:00,"covid19,vaccine,mmsm,hematology",Third Dose of COVID-19 Vaccine Significantly Increases Immune Responses in Most Patients With Multiple Myeloma
0,Mint,India,"India announced that the #Covid19 vaccination coverage has exceeded 186.51 Cr (1,86,51,53,593) as per provisional reports by Union Home Ministry till 7 am today. https://t.co/mpDVaO6Mwy",2022-04-17 23:30:00+00:00,covid19,"India announced that the vaccination coverage has exceeded Cr (1,86,51,53,593) as per provisional reports by Union Home Ministry till am today."
1,Prairie Mountain Health,"Manitoba, Canada",Boost your immunity by getting the 3rd COVID vaccine dose! Eligibility criteria at: https://t.co/3hwdB24alV.   PMH clinics visit: https://t.co/h5Y2ygQASl https://t.co/zgdsNrYLrM,2022-04-17 23:00:04+00:00,,Boost your immunity by getting the rd COVID vaccine dose! Eligibility criteria at . PMH clinics visit
0,Œ†œÅŒøŒºŒ∑Œ∏ŒµœçœÇ,,"Via The Epoch Times: ""More Than 1 Million #COVID #Vaccine Injuries, Nearly 27,000 Deaths Reported to #VAERS, #CDC #Data Show"" ( https://t.co/gXpvnEqTPK ; https://t.co/aFkYfNp3rF ) #COVID19 #SARSCoV2 #VaccineSideEffects https://t.co/lPGFVGweV6",2022-04-17 22:58:59+00:00,"covid,vaccine,vaers,cdc,data,covid19,sarscov2,vaccinesideeffects","Via The Epoch Times ""More Than Million Injuries, Nearly Deaths Reported to , Show"" (  )"
1,Intelliwings,"Washington, DC",Get your #COVID19 #vaccine. And make sure you‚Äôre getting enough Vitamin D. #health #medicine #COVID https://t.co/6ptqS1YB3r,2022-04-17 22:54:41+00:00,"covid19,vaccine,health,medicine,covid",Get your . And make sure youre getting enough Vitamin D.
1,SAVE OUR UNACCEPTABLE COUNTRY,Alberta,"Did #Fauci used to say infection is the best #Vaccine?!! ü§î
So.. is was he spreading MISINFORMATION THEN OR NOW?! 
#COVID19 #COVID #Vaccines
#vaccinemandates
#vaccine 
#boosterdose
#Booster
#Boosters #VaccineSideEffects

https://t.co/jzox7GQdzW",2022-04-17 22:14:45+00:00,"fauci,vaccine,covid19,covid,vaccines,vaccinemandates,vaccine,boosterdose,booster,boosters,vaccinesideeffects",Did used to say infection is the best ?!! So.. is was he spreading MISINFORMATION THEN OR NOW?! 
-1,Tiger Netanya,,"COVID-19 tracker: Ocugen, working on Bharat‚Äôs troubled shot Covaxin, hits clinical snag! $PFE $JNJ $BNTX $NVAX $MRK #Covid19 #Antiviral
https://t.co/5vPcBieTo5",2022-04-17 21:14:00+00:00,"covid19,antiviral","COVID-19 tracker Ocugen, working on Bharats troubled shot Covaxin, hits clinical snag! $PFE $JNJ $BNTX $NVAX $MRK "
1,NJDOH,New Jersey,"Kids ages 5 &amp; up are eligible for the COVID-19 vaccine. Help create a safer, healthier New Jersey and talk to your pediatrician to find out how the vaccine can help protect your child. Find an appointment near you: https://t.co/W9q4E8zRhB #COVID19 #covidvaccine #NJDOH https://t.co/pITtXYcXZL",2022-04-17 20:56:00+00:00,"covid19,covidvaccine,njdoh","Kids ages  up are eligible for the COVID-19 vaccine. Help create a safer, healthier New Jersey and talk to your pediatrician to find out how the vaccine can help protect your child. Find an appointment near you"
1,WV Department of Health & Human Resources ‚Ä¢ üò∑,"Charleston, WV","The #COVID19 Vaccination Due Date Calendar is a free, online tool to help people learn when they may be due for a COVID-19 shot. Find it at https://t.co/LZl9oPmGZe. https://t.co/cxFV7sDzlh",2022-04-17 20:40:01+00:00,covid19,"The Vaccination Due Date Calendar is a free, online tool to help people learn when they may be due for a COVID-19 shot. Find it at ."
-1,Tian_A1,Everywhere,"Health News Roundup : More #Chinese cities tighten controls as #Shanghai COVID cases rise New bird flu cases identified in #Pennsylvania and #Utah, USDA says and more [ https://t.co/rIykloa0ah ] Il y a 6heures #Covid19 vaccine candidates developed by https://t.co/P1E1IUKxtT",2022-04-17 20:31:31+00:00,"chinese,shanghai,pennsylvania,utah,covid19","Health News Roundup  More cities tighten controls as COVID cases rise New bird flu cases identified in and , USDA says and more [ ] Il y a heures vaccine candidates developed by"
1,Tian_A1,Everywhere,#Covid19 update for April 16-17: Fourth dose protects against Omicron : Study First Easter weekend in three years without restrictions Omicron-specific vaccine candidates cleared for trial [ https://t.co/M0jsvPt0lM ] Il y a 2heures Omicron-targeting COVI https://t.co/pgn0wAzypD,2022-04-17 20:27:41+00:00,covid19,update for April -17 Fourth dose protects against Omicron  Study First Easter weekend in three years without restrictions Omicron-specific vaccine candidates cleared for trial [ ] Il y a heures Omicron-targeting COVI
1,Tian_A1,Everywhere,"IISC Bengaluru, #Biotech Startup Mynvax Develop Heat Tolerant COVID Vaccine [ #English.sakshi.com ] Il y a 10heures The #Indian Institute of Science in Bengaluru and biotech start-up Mynvax are working on a new heat-tolerant #Covid19 vaccine.Accor https://t.co/cnP2jZbGeA",2022-04-17 20:26:00+00:00,"biotech,english,indian,covid19","IISC Bengaluru, Startup Mynvax Develop Heat Tolerant COVID Vaccine [ .sakshi.com ] Il y a heures The Institute of Science in Bengaluru and biotech start-up Mynvax are working on a new heat-tolerant vaccine.Accor"
1,Tian_A1,Everywhere,"Todays #Coronavirus news : Ontario reports 23 new deaths #Shanghai COVID cases top 23, 500 as #Xian starts partial lockdown [ https://t.co/l5d6Dt8vOU ] Il y a 22heures Gavin Newsom's school #Covid19 vaccine mandate until next year.Separately, an inactivat https://t.co/pdBdOIGQmj",2022-04-17 20:22:10+00:00,"coronavirus,shanghai,xian,covid19","Todays news  Ontario reports new deaths COVID cases top , as starts partial lockdown [ ] Il y a heures Gavin Newsom's school vaccine mandate until next year.Separately, an inactivat"
1,Prairie Mountain Health,"Manitoba, Canada","#BRANDON COVID vaccine clinic at the Friendship Centre. Offering 1st, 2nd &amp; 3rd doses if eligible. Check eligibility criteria https://t.co/xM7PpI061S.  Book online at:https://t.co/xTgGHQrkD5 or Call to book appointment at 1-844-626-8222, walk ins accepted. @BNRC1 https://t.co/EUaL6USnP7",2022-04-17 20:15:02+00:00,brandon,"COVID vaccine clinic at the Friendship Centre. Offering st, nd  rd doses if eligible. Check eligibility criteria . Book online at or Call to book appointment at -844-626-8222, walk ins accepted."
0,Martin Oaks,"Lewisville, TX and Dallas, TX",A #breath  #test for #COVID19 . #vaccine #machine #medicine #booster #travel #breathe #invention #doctor #family #healthy  #science https://t.co/UgUYRQltxZ,2022-04-17 20:03:23+00:00,"breath,test,covid19,vaccine,machine,medicine,booster,travel,breathe,invention,doctor,family,healthy,science",A for .
-1,Edengrove123,,@snj_1970 Obviously not. The way the vaccine has been PUSHED it was OBVIOUS to me something was not right. I sincerely suspect based on all the evidence that covid19 is caused by 2019 graphene oxide flu vaccines. And the covid vaccines also contain graphene oxide and is a bio weapon,2022-04-17 19:59:54+00:00,,Obviously not. The way the vaccine has been PUSHED it was OBVIOUS to me something was not right. I sincerely suspect based on all the evidence that covid19 is caused by graphene oxide flu vaccines. And the covid vaccines also contain graphene oxide and is a bio weapon
0,Adam Bernstein,"Narragansett, RI","Dr. Ashish K. Jha, the new White House #COVID19 response coordinator, reported that Americans over 60 should get a second booster shot of a coronavirus vaccine.
https://t.co/BpmM2Csz8B",2022-04-17 19:31:36+00:00,covid19,"Dr. Ashish K. Jha, the new White House response coordinator, reported that Americans over should get a second booster shot of a coronavirus vaccine."
-1,World Bank,"Washington, DC","As #vaccine supplies increase, @WorldBank Group is coordinating closely with MLTF partners &amp; countries to address deployment bottlenecks. Unequal access to #COVID19 vaccines &amp; critical health tools is prolonging the pandemic. 

Read the statement: https://t.co/bSgtbHWi3C https://t.co/s0XG0S2jIe",2022-04-17 19:00:30+00:00,"vaccine,covid19","As supplies increase, Group is coordinating closely with MLTF partners  countries to address deployment bottlenecks. Unequal access to vaccines  critical health tools is prolonging the pandemic. Read the statement"
0,AsheNewsDaily,,"Medical laboratory and research scientists from West Africa are set to chart a course that will assist in building local capacity for the manufacturing of vaccines and other medical products in the sub-region.  #Africabio #CelebrateLAB #COVID19

https://t.co/ajdWbflwVb https://t.co/x7UwJ25RfQ",2022-04-17 18:59:08+00:00,"africabio,celebratelab,covid19",Medical laboratory and research scientists from West Africa are set to chart a course that will assist in building local capacity for the manufacturing of vaccines and other medical products in the sub-region. 
-1,"Gavi, the Vaccine Alliance","Geneva, Switzerland","With many countries failing to hit measles vaccine coverage targets and #COVID19 control measures being lifted, the goal of measles elimination hangs in the balance. @LindaGeddes reports: https://t.co/Fe057CzWEp",2022-04-17 18:30:00+00:00,covid19,"With many countries failing to hit measles vaccine coverage targets and control measures being lifted, the goal of measles elimination hangs in the balance. reports"
1,SMCOE,San Mateo County,"Have questions about when to vaccinate or get a booster for your child? Supercharge your children 5 and up against COVID-19. 

Find a free vaccine near you at https://t.co/FGCjQ2yCg1 or call 833-422-4255.

#covid19 #staysafe #GetVaccinated https://t.co/taFajtR23K",2022-04-18 23:45:00+00:00,"covid19,staysafe,getvaccinated",Have questions about when to vaccinate or get a booster for your child? Supercharge your children and up against COVID-19. Find a free vaccine near you at or call -422-4255.
1,Bala Dorje,"Somerset, United Kingdom",#COVID19 #Vaccine Supreme Court Declines to Wade Into Military Legal Battle Over Vaccine: The Supreme Court has decided to not intervene with the U.S. Air Force from disciplining a service member after he refused to get the COVID-19 vaccine for‚Ä¶ https://t.co/r84QAEkoJ1,2022-04-18 23:40:32+00:00,"covid19,vaccine",Supreme Court Declines to Wade Into Military Legal Battle Over Vaccine The Supreme Court has decided to not intervene with the U.S. Air Force from disciplining a service member after he refused to get the COVID-19 vaccine for
1,Monterey Co Health,"Monterey County, California","Monterey County COVID-19 data (change from 4/14)
* 7 day test positivity rate 1.9% up from 1.4% 
* 7 day average case rate per 100,000 residents 3.1 down from 3.4
More information at https://t.co/CIhgE4PwtA
Looking for a test or vaccine? Visit https://t.co/o3EOW3NMXZ  #COVID19 https://t.co/rNX3YL8yY0",2022-04-18 23:25:27+00:00,covid19,Monterey County COVID-19 data (change from 14)* day test positivity rate  up from  * day average case rate per residents down from More information at for a test or vaccine? Visit
1,foolishnessss,,@ksorbs Stinks tho. Would rather they drop the covid vaccine mandate to enter the USA. What a joke that is. The world is trying to make freedom a thing of the past. #COVID19,2022-04-18 23:04:28+00:00,covid19,Stinks tho. Would rather they drop the covid vaccine mandate to enter the USA. What a joke that is. The world is trying to make freedom a thing of the past.
-1,LLERO_CULTURE,"New York, NY",Could the numbers for the latest #COVID surge be misleading due to undercounting? #COVID19 #COVIDpandemic #Vaccine #Covidvariant https://t.co/lWu9odPH60,2022-04-18 23:00:37+00:00,"covid,covid19,covidpandemic,vaccine,covidvariant",Could the numbers for the latest surge be misleading due to undercounting?
0,ICPHD,Imperial County California,"Get your children 5 and up vaccinated against COVID-19! You can now schedule to get the #COVID19 vaccine at the ICPHD, you can also find other vaccine clinics near you at https://t.co/q12JMFz2W3. https://t.co/5LbyDd9yQP",2022-04-18 22:39:48+00:00,covid19,"Get your children and up vaccinated against COVID-19! You can now schedule to get the vaccine at the ICPHD, you can also find other vaccine clinics near you at ."
-1,RichWritesRants,"Raleigh, NC","@MSJ__76 @CarlinaGrl @lpackard @RepBoebert You claim to be battling cancer and yet ironically appear to be defending the same people who promoted quacks who claimed that #COVID19 was caused by aliens and demon rape. The same people who claimed it was a Democratic hoax, killing off their own voters.
https://t.co/xkQWwLUw2C",2022-04-18 22:32:43+00:00,covid19,"You claim to be battling cancer and yet ironically appear to be defending the same people who promoted quacks who claimed that was caused by aliens and demon rape. The same people who claimed it was a Democratic hoax, killing off their own voters."
1,David Jacobs,Toronto,"The Global projections are looking good. These projections are based on no further interventions.

For your personal protection, I would still highly recommend 3 doses of the COVID-19 vaccine, especially for those over 50 years of age.

#COVID19
https://t.co/1sbmjVPsJV https://t.co/s2RM7t8wsE",2022-04-18 22:22:07+00:00,covid19,"The Global projections are looking good. These projections are based on no further interventions.For your personal protection, I would still highly recommend doses of the COVID-19 vaccine, especially for those over years of age."
-1,Karl Harrison,"British Columbia, Canada","Hard to imagine any other product being allowed to continue with 27,000 deaths on the record in just over a year‚Ä¶‚Ä¶. #covid19 #myocarditis #vaccineinjury  https://t.co/EKpTxgDwpy",2022-04-18 21:34:33+00:00,"covid19,myocarditis,vaccineinjury",Hard to imagine any other product being allowed to continue with deaths on the record in just over a year.
0,Maricopa County Public Health,"Maricopa County, Ariz.","@drkeyedangel All vaccine events on our page calendar (https://t.co/VVqTPkVu6A) are organized by MCDPH with contracted vendors who are authorized, and every location on our page's map/list is authorized by the state health department (https://t.co/d6INTUx6kA).",2022-04-18 21:34:11+00:00,,"All vaccine events on our page calendar () are organized by MCDPH with contracted vendors who are authorized, and every location on our page's maplist is authorized by the state health department ()."
0,Chicagoland DPOCC,"Chicago, IL",3 New #COVID19 #Vaccine and #ReOpening Guides Added to #Database https://t.co/1ufVsyTNcs,2022-04-18 21:33:23+00:00,"covid19,vaccine,reopening,database",New and Guides Added to
-1,Alex Martiniuk,,"Effectiveness-after 4th dose #COVID19 vaccine
52% (95% CI 49-54) against PCR confirmed infection
61% (95% CI 58-64) against symptomatic COVID19
72% (95% CI 63-79) against COVID19 related hosp
64% (95% CI 48-77) against severe COVID
76% (95% CI 48-91) against COVID19 related death",2022-04-18 21:32:24+00:00,covid19,Effectiveness-after th dose vaccine52 (95 CI -54) against PCR confirmed infection61 (95 CI -64) against symptomatic COVID1972 (95 CI -79) against COVID19 related hosp64 (95 CI -77) against severe COVID76 (95 CI -91) against COVID19 related death
1,KFF (Kaiser Family Foundation),"San Francisco, CA | Washington DC","Giving employees time off to get vaccinated against #COVID19/recover from side effects could encourage vaccinations, according to public health experts.
 
Just over 1/3 of workers say their employer offers paid time off for these reasons. https://t.co/x80Lv7Bqo3",2022-04-18 21:28:00+00:00,covid19,"Giving employees time off to get vaccinated against recover from side effects could encourage vaccinations, according to public health experts. Just over 3 of workers say their employer offers paid time off for these reasons."
